opera;autore;titolo;annoAcquisto;annoRealizzazione;tipo;espostaInSala;
1;87;Tramonto d'Amore;19/11/2023;29/01/1977;Scultura;22
2;39;Danza dei Pensieri;12/05/2022;22/07/1975;Scultura;30
3;81;Incanto del Cielo;16/05/2023;04/07/2011;Scultura;18
4;85;Melodia dell'Anima;02/03/2023;05/02/1907;Scultura;18
5;79;Riflessi d'Autunno;24/07/2023;21/12/1930;Quadro;28
7;22;Ombre del Passato;14/02/2021;24/04/1967;Quadro;24
8;49;Arcobaleno di Emozioni;20/01/2021;16/05/2017;Quadro;8
9;97;Alba di Liberta';06/06/2021;23/01/1970;Quadro;4
10;16;Giochi di Armonia;23/12/2023;03/08/1964;Scultura;8
11;55;Sussurri del Vento;19/12/2022;05/06/1969;Scultura;5
12;15;Dolcezza dell'Infanzia;30/08/2021;17/07/2017;Scultura;1
13;94;Melodia del Destino;19/12/2021;12/05/1936;Quadro;15
14;25;Danza delle Nuvole;12/03/2021;04/02/1967;Scultura;0
15;96;Incanto del Mare;16/06/2022;15/07/2010;Quadro;13
16;94;Tramonto d'Oro;16/02/2022;03/02/2015;Quadro;21
17;95;Luci del Silenzio;18/08/2023;06/02/1965;Scultura;29
18;75;Sogno di Serenita';11/09/2021;20/11/1983;Scultura;17
19;83;Armonia delle Stagioni;21/01/2023;16/02/1969;Scultura;16
20;92;Viaggio nel Tempo;02/01/2024;05/12/1998;Scultura;25
21;44;Estasi di Primavera;03/05/2022;01/03/1967;Quadro;14
22;45;Incanto della Luna;06/01/2021;01/03/1967;Quadro;28
23;30;Visioni del Futuro;23/04/2021;01/03/1967;Quadro;7
24;17;Armonia del Cuore;23/06/2020;21/05/2014;Quadro;28
25;31;Danza dei Colori;30/08/2021;01/03/1967;Scultura;14
26;94;Tramonto d'Inverno;26/11/2020;22/01/1977;Quadro;5
27;81;Sogno di Bellezza;11/04/2021;29/07/2015;Scultura;3
28;40;Melodia del Vento;11/05/2020;06/11/2022;Scultura;16
29;59;Spirito dell'Oceano;17/04/2022;01/03/1967;Scultura;28
30;95;Giochi di Riflessi;24/03/2023;07/03/1955;Scultura;12
31;23;Luci della Notte;11/09/2023;07/12/1992;Quadro;5
32;43;Dolcezza del Mattino;24/09/2022;01/03/1967;Quadro;19
33;10;Magia dell'Alba;14/12/2023;24/02/1968;Scultura;7
34;87;Risveglio della Natura;17/02/2022;29/01/1977;Scultura;11
35;76;Passione della Vita;04/12/2021;22/11/1997;Quadro;19
36;22;Viaggio Interiore;22/10/2023;20/05/2018;Quadro;18
37;92;Bellezza Incontaminata;18/09/2020;26/03/1973;Scultura;25
38;99;Emozioni Selvagge;28/02/2023;01/03/1967;Scultura;7
39;92;Esplorazioni dell'Anima;05/11/2020;15/01/1991;Scultura;30
40;86;Illusioni del Tempo;22/05/2022;01/03/1967;Scultura;28
41;51;Visioni Celesti;03/06/2022;01/03/1967;Quadro;29
42;91;Incanto del Giardino;13/06/2021;04/07/1976;Quadro;4
43;90;Armonia del Silenzio;29/03/2024;01/03/1967;Quadro;0
44;5;Danza dell'Anima;19/12/2022;20/07/1972;Scultura;4
45;22;Tramonto d'Amicizia;16/02/2023;02/03/2021;Scultura;30
46;21;Riflessi dell'Infinito;10/05/2020;20/07/1958;Quadro;20
47;5;Melodia della Serenita';14/03/2023;20/07/1972;Quadro;8
48;42;Giochi di Luce;21/04/2022;26/05/1971;Quadro;18
49;45;Spirito della Foresta;15/03/2022;01/03/1967;Quadro;19
50;27;Emozioni Astratte;12/12/2021;01/03/1967;Quadro;18
51;73;Esplorazioni del Passato;31/10/2021;19/01/2021;Scultura;9
52;93;Trasparenze del Mare;24/05/2020;01/03/1967;Scultura;29
53;33;Sogni di Viaggio;29/07/2021;22/04/1971;Scultura;4
54;80;Colori dell'Innovazione;17/09/2020;01/03/1967;Scultura;5
55;76;Luci del Creato;06/01/2022;08/01/1995;Scultura;20
56;21;Magia della Fantasia;27/07/2022;20/07/1958;Scultura;27
57;4;Risonanze del Cuore;18/03/2021;01/03/1967;Quadro;3
58;72;Visioni dell'Universo;14/09/2023;01/03/1967;Quadro;28
59;52;Espressioni dell'Armonia;21/03/2021;05/08/2004;Scultura;21
60;66;Immersioni nell'Essenza;24/02/2023;11/02/1922;Quadro;21
62;53;Trincea della Speranza;07/09/2022;01/03/1967;Scultura;22
63;34;Soffio di Tempesta;11/07/2020;06/11/1968;Quadro;10
64;70;Schiere Implacabili;23/05/2022;28/04/1980;Quadro;2
65;13;Ombre della Morte;14/10/2023;21/07/1979;Quadro;12
66;44;Vittoria Imminente;16/09/2021;01/03/1967;Quadro;29
67;19;Ruggito dei Cannoni;10/11/2021;26/08/1957;Quadro;9
68;37;Sangue e Onore;31/12/2020;01/03/1967;Scultura;9
69;47;Linea del Fronte;18/08/2023;07/06/1969;Quadro;21
70;15;Luce nel Buio;24/04/2021;22/03/2021;Quadro;18
71;29;Cuori da Combattimento;21/12/2022;22/12/1998;Quadro;20
72;53;Muro di Ferro;10/03/2021;01/03/1967;Quadro;30
73;87;Spirito Indomito;22/11/2022;29/01/1977;Quadro;3
74;4;Marcia alla Gloria;01/06/2021;01/03/1967;Scultura;16
75;71;Grido di Liberta';18/12/2021;24/12/2014;Scultura;28
76;42;Echi della Battaglia;26/04/2024;26/05/1971;Scultura;2
77;3;Destini Intrecciati;13/05/2023;15/04/2012;Quadro;3
78;8;Orizzonte di Guerra;29/10/2021;01/03/1967;Scultura;3
79;79;Fiamme di Vittoria;29/11/2020;25/12/1960;Quadro;22
80;23;Crociata della Giustizia;11/09/2021;21/01/1993;Scultura;13
81;66;Frantumazione delle Linee;01/01/2023;11/02/1922;Quadro;9
82;57;Fuoco e Fiamme;31/10/2021;14/12/1952;Scultura;28
83;37;Sentieri di Guerra;22/08/2022;01/03/1967;Scultura;27
84;21;Spirito di Resistenza;05/10/2023;15/01/2024;Scultura;28
85;47;Alba della Battaglia;30/12/2021;07/06/1969;Scultura;4
86;39;Tattiche dell'Ombra;15/07/2022;22/07/1975;Quadro;17
87;62;Risveglio dell'Eroe;26/01/2023;01/03/1967;Scultura;21
88;81;Morte e Distruzione;07/12/2021;12/04/1994;Scultura;0
89;66;Scontro Epico;26/04/2024;11/02/1922;Quadro;3
90;62;Avanzata Inesorabile;18/11/2020;01/03/1967;Quadro;20
91;16;Volonta' di Ferro;29/11/2023;01/03/1967;Scultura;11
92;49;Giorni Oscuri;11/02/2024;09/04/2015;Scultura;24
93;7;Martello della Vendetta;07/10/2020;16/02/1999;Quadro;22
94;99;Regno del Terrore;21/01/2022;01/03/1967;Scultura;1
95;17;Ritorsione Immediata;30/08/2020;23/06/2010;Scultura;12
96;44;Vigilia del Combattimento;17/07/2023;01/03/1967;Quadro;21
97;75;Spettri della Guerra;20/07/2020;10/09/1996;Scultura;14
98;21;Strategie di Vittoria;29/04/2021;20/07/1958;Scultura;14
99;73;Vento della Vittoria;24/02/2024;28/05/1973;Quadro;30
100;97;Legione Invincibile;08/09/2023;23/01/1970;Quadro;18
101;62;Battaglia Finale;06/03/2021;01/03/1967;Quadro;26
102;52;Sfida dell'Inferno;28/02/2024;04/11/2016;Scultura;9
103;74;Eredita' di Guerra;13/05/2020;01/03/1967;Quadro;12
104;44;Esecuzione dell'Ordine;13/05/2021;01/03/1967;Scultura;20
105;7;Ritorsione Mortale;06/10/2022;07/10/1967;Quadro;22
106;51;Avanzata della Morte;23/04/2024;01/03/1967;Scultura;12
107;17;Battaglia Eterna;07/12/2022;17/03/2020;Quadro;26
108;36;Ordine del Giorno;08/09/2020;01/03/1967;Scultura;20
109;35;Sogno di Guerra;20/08/2021;01/03/1967;Quadro;2
110;20;Spirito di Battaglia;26/11/2023;01/03/1967;Quadro;11
111;49;Tempesta di Sangue;16/12/2020;07/10/1998;Scultura;29
112;69;Danza dei Carri Armati;31/08/2023;13/01/1939;Scultura;24
113;44;Follia del Combattimento;03/11/2022;01/03/1967;Scultura;18
114;58;Stendardo della Vittoria;28/07/2022;01/03/1967;Scultura;3
115;67;Trionfo dell'Esperienza;13/12/2021;31/07/1990;Quadro;19
116;92;Legame dell'Alleanza;17/12/2021;11/10/2019;Scultura;13
117;18;Lame dell'Onore;12/10/2021;01/03/1967;Scultura;24
118;85;Marcia del Destino;17/08/2020;05/02/1907;Scultura;24
119;29;Difesa Determinata;12/09/2021;18/12/1969;Quadro;17
120;65;Visioni di Conquista;06/11/2020;26/06/1985;Quadro;0
121;81;Tormento della Guerra;18/11/2023;02/11/1957;Quadro;5
122;53;Linee di Fuga;23/09/2021;01/03/1967;Scultura;4
123;74;Ombre della Disperazione;29/03/2024;01/03/1967;Scultura;4
124;36;Glorie del Passato;22/10/2020;01/03/1967;Quadro;17
125;90;Conflitto Mondiale;21/06/2021;01/03/1967;Scultura;10
126;62;Cuore della Battaglia;06/11/2023;01/03/1967;Quadro;10
127;14;Fiumi di Sangue;16/12/2022;05/03/1947;Scultura;13
128;90;Onore e Devozione;09/08/2023;01/03/1967;Scultura;7
129;3;Strategie della Morte;08/03/2021;27/11/2008;Scultura;19
130;67;Regno della Distruttivita';24/03/2021;19/12/1985;Quadro;7
131;69;Battaglia per la Liberta';08/10/2021;12/06/1942;Quadro;3
132;64;Sentieri del Sacrificio;21/01/2022;07/01/1929;Quadro;16
133;23;Vittoria Incontestabile;22/05/2021;16/11/1980;Quadro;24
134;58;Rovine dell'Impero;02/04/2022;01/03/1967;Quadro;13
135;73;Grido di Guerra;21/12/2021;24/05/2002;Scultura;22
136;37;Muro di Cadaveri;24/01/2021;01/03/1967;Quadro;0
137;97;Alba della Distruzione;25/08/2020;23/01/1970;Scultura;19
138;41;Esercito della Resa;10/05/2023;23/11/2009;Quadro;19
139;29;Vendetta Imminente;15/04/2023;29/06/1976;Quadro;7
140;85;Follia della Battaglia;08/03/2022;05/02/1907;Quadro;21
141;96;Spettri del Passato;09/06/2023;07/09/1933;Quadro;6
142;49;Rovine della Guerra;17/03/2021;24/05/2016;Quadro;4
143;64;Spirito della Resistenza;03/01/2024;07/01/1929;Quadro;2
144;15;Ritorsione del Dominio;07/06/2020;04/10/1995;Scultura;19
145;85;Avanzata Decisiva;24/02/2021;05/02/1907;Quadro;30
146;40;Volonta' dell'Eroe;06/08/2021;03/05/1943;Scultura;3
147;80;Sangue e Gloria;07/12/2020;01/03/1967;Quadro;3
148;36;Giorno;18/10/2023;01/03/1967;Quadro;17
149;22;Giustizia del Combattimento;13/08/2022;07/10/1988;Quadro;2
150;39;Caduta del Regno;31/08/2020;22/07/1975;Quadro;21
151;22;Battaglia senza Fine;29/06/2022;06/01/1950;Quadro;27
152;7;Ombre della Distruzione;29/11/2020;11/02/1989;Quadro;14
153;67;Avanzata Implacabile;05/12/2022;03/06/1971;Quadro;21
154;16;Morte;15/08/2021;01/03/1967;Scultura;0
155;20;Vittoria Illustre;12/05/2022;01/03/1967;Scultura;14
156;64;Cuore del Conflitto;10/06/2022;07/01/1929;Quadro;1
157;23;Fuoco dell'Inferno;26/05/2021;13/03/2005;Quadro;19
158;90;Avanzata del Terrore;09/03/2022;01/03/1967;Scultura;0
159;5;Grido di Vittoria;06/11/2023;16/12/2019;Scultura;26
160;44;Orizzonte di Pace;14/10/2023;01/03/1967;Scultura;28
161;95;Onde Infinit;15/03/2021;07/03/1955;Scultura;24
162;36;Tramonto sull'Orizzonte;18/07/2020;01/03/1967;Quadro;4
163;40;Profondita' Oceaniche;23/04/2023;26/06/1976;Scultura;6
164;11;Spiragli di Luce;03/11/2023;01/03/1967;Scultura;11
165;87;Vento Salato;16/11/2020;29/01/1977;Quadro;28
166;7;Riflessi Blu;20/01/2024;06/01/1956;Quadro;4
167;3;Abbracci dell'onda;08/06/2022;14/07/2013;Scultura;2
168;48;Luminosa Serenita';27/11/2022;01/03/1967;Scultura;5
169;82;Danza delle Maree;02/04/2021;01/03/1967;Quadro;13
170;51;Velieri al Tramonto;30/08/2020;01/03/1967;Quadro;11
171;3;Canto delle Balene;30/08/2022;22/11/1983;Scultura;24
172;72;Riflessi d'Argento;10/03/2023;01/03/1967;Scultura;25
173;33;Risacca Rassicurante;13/06/2022;22/04/1971;Scultura;25
174;55;Cielo d'Acqua;22/01/2022;01/08/1969;Scultura;29
175;83;Navi nella Nebbia;08/12/2022;06/07/1969;Quadro;10
176;95;Incanto;03/05/2020;07/03/1955;Quadro;0
177;72;Porto Sicuro;11/01/2024;01/03/1967;Scultura;18
178;73;Orizzonti Infiniti;26/02/2023;30/10/2005;Scultura;17
179;3;Spiragli di Speranza;15/07/2023;19/05/2003;Quadro;0
181;65;Navigando tra le Stelle;02/07/2020;26/06/1985;Quadro;2
182;11;Blu Profondo;14/12/2022;01/03/1967;Scultura;2
183;29;Acque Tranquille;24/06/2021;24/11/1946;Scultura;15
184;71;Orizzonte Azzurro;19/10/2022;20/10/1978;Quadro;13
185;16;Brividi d'Acqua;09/04/2021;01/03/1967;Scultura;24
186;35;Giochi d'Onda;10/07/2020;01/03/1967;Quadro;18
187;78;Spuma Bianca;17/04/2021;01/03/1967;Quadro;26
188;56;Viaggio Oltreoceano;15/11/2022;05/03/1968;Scultura;25
189;81;Luna sull'Onda;02/04/2024;05/09/1939;Scultura;27
190;57;Faro Solitario;26/12/2021;14/12/1952;Quadro;27
191;3;Riflessi Dorati;05/04/2022;01/11/1990;Scultura;9
192;14;Mare Calmo;29/05/2022;15/05/1949;Quadro;18
193;20;Onde in Movimento;18/05/2023;01/03/1967;Scultura;1
194;23;Tramonto sull'Acqua;08/05/2022;23/02/1943;Scultura;21
195;39;Culla dell'oceano;17/01/2023;22/07/1975;Quadro;0
196;8;Sospiri del Mare;10/07/2023;01/03/1967;Quadro;20
197;77;Scogliere Selvagge;11/10/2021;12/02/1940;Quadro;25
198;95;Barche a Vela;08/01/2021;07/03/1955;Quadro;5
199;28;Mare Immenso;15/01/2022;31/05/1987;Scultura;7
200;5;Orizzonte Incantato;22/09/2021;20/07/1972;Quadro;16
201;51;Luce del Faro;25/07/2022;01/03/1967;Quadro;10
202;71;Segreti del Mare;10/01/2022;20/10/1978;Scultura;20
203;8;Onde Misteriose;05/03/2022;01/03/1967;Quadro;11
204;39;Arcobaleno sul Mare;13/07/2023;22/07/1975;Scultura;9
205;20;Navigando Verso l'Infinito;18/08/2021;01/03/1967;Quadro;16
206;95;Mare in Tempesta;22/06/2023;07/03/1955;Quadro;21
207;48;Alba Marina;17/03/2024;01/03/1967;Quadro;12
208;94;Blu Vivido;26/09/2022;14/06/2010;Quadro;6
209;31;Onde Increspate;02/10/2023;01/03/1967;Scultura;8
210;65;Barche da Pesca;05/07/2022;26/06/1985;Scultura;16
211;47;Isola Paradisiaca;04/11/2023;07/06/1969;Quadro;0
212;80;Acque Cristalline;08/11/2022;01/03/1967;Scultura;1
213;98;Ombre dell'Onda;06/08/2020;01/03/1967;Scultura;24
214;99;Scogliera Maestosa;21/02/2023;01/03/1967;Quadro;14
215;82;Profondita' Marine;25/05/2022;01/03/1967;Scultura;11
216;12;Onde Selvagge;17/07/2022;11/12/2000;Scultura;5
217;86;Faro Magico;06/11/2022;01/03/1967;Quadro;4
218;81;Solitudine del Mare;12/06/2021;07/09/2019;Quadro;24
219;10;Danza dei Delfini;19/09/2023;24/02/1968;Quadro;8
220;88;Vele al Vento;08/06/2021;11/01/1969;Scultura;2
221;100;Sole sull'Acqua;07/04/2022;06/02/1931;Scultura;13
222;82;Brilla il Mare;24/11/2020;01/03/1967;Scultura;14
223;4;Riflessi d'Oro;13/04/2022;01/03/1967;Scultura;20
224;3;Mare in Movimento;05/05/2021;07/12/2001;Scultura;17
225;56;Viaggio sulla Barca;13/07/2020;05/03/1968;Quadro;25
226;72;Onde Oscillanti;11/06/2022;01/03/1967;Quadro;0
227;89;Profondita' Sconosciute;25/06/2023;15/10/1970;Quadro;5
228;56;Canto delle Sirene;06/11/2022;05/03/1968;Quadro;26
229;4;Porto di Speranza;14/05/2021;01/03/1967;Quadro;22
230;93;Orizzonte Lontano;09/08/2021;01/03/1967;Scultura;17
231;32;Vento sulla Spiaggia;07/07/2023;01/03/1967;Quadro;16
232;65;Marea del Destino;21/12/2021;26/06/1985;Scultura;5
233;9;Onde Agitate;25/11/2022;22/05/1963;Quadro;3
234;44;Abissi Oscuri;06/03/2022;01/03/1967;Quadro;2
235;69;Barca Solitaria;02/11/2022;03/09/1948;Quadro;14
236;34;Blu;05/12/2023;06/11/1968;Quadro;7
237;97;Onde Incantate;26/06/2021;23/01/1970;Scultura;26
238;54;Sentieri d'Acqua;29/01/2023;15/07/1970;Scultura;4
239;5;Luce Sulla Spiaggia;12/07/2021;20/07/1972;Scultura;2
240;11;Viaggio sulla Nave;05/02/2021;01/03/1967;Quadro;11
241;3;Riflessi Sulla Sabbia;13/03/2024;05/09/1935;Scultura;28
242;83;Mare Incontaminato;05/12/2023;06/07/1969;Quadro;4
243;87;Brividi di Mare;13/01/2023;29/01/1977;Scultura;24
244;53;Onde Vivaci;21/12/2020;01/03/1967;Scultura;11
245;56;Navigando nell'Infinito;19/11/2022;05/03/1968;Scultura;15
246;51;Alba Marittima;14/06/2021;01/03/1967;Quadro;28
247;96;Blu Sereno;29/04/2022;26/12/1961;Scultura;12
248;6;Onde dell'Inquietudine;05/02/2023;24/12/1985;Quadro;25
249;27;Leggende Marine;25/11/2021;01/03/1967;Quadro;15
250;82;Calma Piatta;19/02/2024;01/03/1967;Scultura;30
251;82;Luce dell'Alba;15/11/2021;01/03/1967;Scultura;6
252;2;Porto di Riposo;09/05/2022;04/07/1969;Scultura;2
253;54;Onde di Speranza;19/09/2020;15/07/1970;Quadro;29
254;34;Echoes of Silence;29/11/2020;06/11/1968;Quadro;16
256;82;Shadows of Departure;10/07/2023;01/03/1967;Quadro;6
257;11;Silent Passing;24/09/2023;01/03/1967;Quadro;17
258;100;Endless Rest;14/09/2023;06/02/1931;Scultura;14
259;32;Final Embrace;04/12/2023;01/03/1967;Quadro;25
260;29;Eternal Sleep;02/06/2021;25/12/1938;Quadro;27
261;30;Dusk's Departure;24/02/2022;01/03/1967;Quadro;9
262;72;Silent Journey;14/08/2021;01/03/1967;Scultura;4
263;59;Twilight's Call;13/06/2020;01/03/1967;Scultura;9
264;70;Beyond the Veil;19/04/2021;28/04/1980;Scultura;10
265;63;Ghostly Echoes;31/05/2023;01/01/2017;Quadro;28
266;84;Shades of Goodbye;07/02/2024;01/03/1967;Quadro;0
267;57;Last Breath;07/06/2022;14/12/1952;Scultura;21
268;42;Quiet Farewell;03/10/2020;26/05/1971;Scultura;12
269;85;Mourning Memories;25/07/2021;05/02/1907;Scultura;8
270;19;Serene Slumber;24/02/2021;26/08/1957;Scultura;26
271;96;Peaceful Departure;14/10/2021;05/12/1997;Scultura;26
272;51;Somber Reflections;23/01/2021;01/03/1967;Quadro;11
273;2;Solace in Shadows;20/01/2021;04/07/1969;Quadro;24
274;61;The Parting Hour;19/08/2022;27/09/1979;Quadro;24
275;41;Farewell Reverie;09/11/2020;13/04/1978;Scultura;4
276;27;Lost in Twilight;07/05/2022;01/03/1967;Scultura;17
277;17;Eternal Twilight;27/01/2022;02/02/2011;Quadro;17
278;53;Shades of Silence;01/07/2021;01/03/1967;Quadro;24
279;29;Whispers in the Dark;14/04/2022;14/06/2016;Scultura;5
280;48;Dreams of Farewell;23/11/2022;01/03/1967;Quadro;4
281;89;Shadows of Solitude;28/06/2023;15/10/1970;Quadro;7
282;41;Silent Echoes;12/03/2023;03/03/1969;Quadro;24
283;29;Twilight Embrace;24/06/2020;13/12/1943;Quadro;20
284;49;Eternal Quiet;23/02/2022;22/11/1988;Scultura;9
286;37;Parting Whispers;16/08/2020;01/03/1967;Quadro;4
287;8;Embracing Twilight;01/09/2023;01/03/1967;Scultura;30
288;47;Shadows of Eternity;29/12/2020;07/06/1969;Quadro;19
289;46;Silent Reverie;28/11/2023;01/03/1967;Quadro;14
290;67;Tranquil Departure;26/08/2022;03/09/1955;Scultura;6
291;51;Shadows of Serenity;26/06/2023;01/03/1967;Quadro;16
292;8;Eternal Shadows;19/06/2023;01/03/1967;Quadro;12
293;5;Tranquil Twilight;23/06/2020;20/07/1972;Quadro;28
294;47;Endless Echoes;20/01/2023;07/06/1969;Scultura;26
295;37;Echoes of Solitude;10/07/2023;01/03/1967;Scultura;15
296;70;Silent Twilight;07/08/2022;28/04/1980;Quadro;5
297;99;Tranquil Embrace;12/03/2024;01/03/1967;Scultura;19
298;57;Eternal Solitude;03/12/2020;14/12/1952;Quadro;24
299;34;Farewell Symphony;20/11/2020;06/11/1968;Scultura;0
300;70;Echoes of Eternity;18/11/2023;28/04/1980;Quadro;29
301;37;Silent Solace;11/02/2023;01/03/1967;Quadro;19
302;14;Whispers of Serenity;28/08/2021;26/01/1940;Scultura;10
303;89;Shadows of Twilight;17/11/2022;15/10/1970;Quadro;20
304;88;Eternal Farewell;27/01/2023;11/01/1969;Scultura;29
305;31;Whispering Shadows;18/10/2023;01/03/1967;Scultura;30
306;71;Final Whispers;18/06/2022;20/10/1978;Quadro;29
307;84;Twilight Symphony;19/04/2023;01/03/1967;Scultura;11
308;16;Echoes of Farewell;14/07/2020;01/03/1967;Scultura;15
309;82;Serene Farewell;05/08/2022;01/03/1967;Scultura;6
310;34;Dreams of Departure;25/10/2023;06/11/1968;Quadro;6
311;13;Eternal Whispers;07/01/2023;21/07/1979;Scultura;18
312;92;Shadows of Silence;04/07/2022;24/12/1959;Scultura;2
313;33;Whispering Twilight;23/12/2020;22/04/1971;Quadro;28
314;42;Silent Symphony;11/10/2021;26/05/1971;Quadro;30
315;97;Twilight Reverie;16/02/2024;23/01/1970;Scultura;4
316;27;Farewell Dreams;04/02/2022;01/03/1967;Scultura;21
317;21;Silence;27/03/2023;20/07/1958;Scultura;28
318;80;Farewell;02/03/2023;01/03/1967;Scultura;14
319;30;Twilight Whispers;18/04/2023;01/03/1967;Scultura;17
320;35;Tranquil Shadows;28/04/2021;01/03/1967;Quadro;12
321;65;Whispering Farewell;10/01/2021;26/06/1985;Scultura;19
322;6;Cat;12/10/2023;24/12/1985;Quadro;9
324;55;Silent Memories;17/05/2022;01/08/1969;Scultura;1
325;95;Twilight Solitude;01/05/2022;07/03/1955;Scultura;25
326;48;Farewell Embrace;05/10/2020;01/03/1967;Scultura;17
327;55;Echoes of Serenity;26/11/2023;01/08/1969;Quadro;10
328;52;Silent Dreams;02/09/2020;04/06/2005;Scultura;11
329;44;Shadows of Solace;20/07/2022;01/03/1967;Quadro;10
330;51;Tranquil Farewell;19/11/2021;01/03/1967;Quadro;4
331;6;Eternal Echoes;09/09/2022;24/12/1985;Scultura;3
332;15;Farewell Serenade;07/05/2020;05/05/2018;Quadro;30
333;41;Twilight Memories;10/07/2021;24/11/2005;Quadro;5
334;66;Silent;23/02/2021;11/02/1922;Quadro;13
335;36;Whispering Memories;28/06/2021;01/03/1967;Scultura;29
336;21;Eternal Light;09/11/2021;09/02/2017;Scultura;1
337;11;Darkness;20/11/2022;01/03/1967;Scultura;24
338;95;Shadows;22/01/2022;07/03/1955;Scultura;1
339;83;Echoes of Memories;17/10/2021;06/07/1969;Quadro;12
340;77;Symphony;30/07/2023;02/11/1986;Scultura;29
341;81;Twilight Dreams;06/10/2023;30/04/1947;Quadro;13
342;42;Eternal Memories;11/08/2020;26/05/1971;Quadro;12
343;63;Farewell Serenity;20/01/2023;23/12/1942;Scultura;17
344;51;Whispering Solitude;25/07/2022;01/03/1967;Quadro;24
345;56;Shadows of Reverie;27/08/2021;05/03/1968;Quadro;25
346;73;Twilight;18/04/2021;23/03/2017;Scultura;10
347;68;Tranquil Whispers;08/06/2022;01/03/1967;Scultura;24
348;74;Eternal Symphony;16/10/2021;01/03/1967;Scultura;10
349;2;Farewell Shadows;22/03/2022;04/07/1969;Scultura;16
350;69;Whispering Departure;02/11/2023;01/02/1943;Quadro;8
351;16;Shadows of Farewell;12/05/2020;01/03/1967;Quadro;25
352;54;Whispers;31/05/2022;15/07/1970;Quadro;3
353;92;Tranquil Symphony;04/07/2023;19/06/2011;Scultura;17
354;16;Twilight Solace;18/04/2024;01/03/1967;Scultura;11
355;69;Maestria di Marmo;06/05/2023;21/03/1982;Quadro;9
356;73;Eleganza Classica;18/01/2022;17/06/1962;Scultura;29
357;8;Raffinatezza Intagliata;15/02/2021;01/03/1967;Scultura;28
358;15;Forme Antiche;28/07/2020;26/06/1938;Quadro;4
360;94;Simboli Scolpiti;17/09/2022;13/09/2021;Quadro;18
361;82;Bellezza Eterna;20/11/2023;01/03/1967;Quadro;17
362;8;Epoca D'oro;04/03/2022;01/03/1967;Scultura;11
363;79;Incarnazioni del Passato;22/08/2022;16/02/1962;Quadro;18
364;24;Tesori di Pietra;23/03/2022;07/02/1968;Quadro;30
365;73;Opere Immortali;19/09/2022;06/10/1963;Quadro;27
366;37;Emblemi del Tempo;05/12/2021;01/03/1967;Scultura;12
367;46;Splendori Antichi;11/04/2021;01/03/1967;Quadro;20
368;96;Prodigio della Pietra;11/09/2021;10/04/2013;Scultura;27
369;74;Leggende Incise;15/09/2022;01/03/1967;Scultura;10
370;67;Visioni del Passato;11/06/2023;13/04/1943;Scultura;5
371;9;Icone di Epoca;21/05/2021;01/10/1973;Quadro;8
372;77;Dettagli Scolpiti;06/12/2023;22/05/1966;Quadro;4
373;58;Eredi dell'Antichita';21/02/2024;01/03/1967;Scultura;17
374;79;Espressioni di Tempo;22/09/2022;15/02/2019;Scultura;28
375;56;Meraviglie di Marmo;04/07/2022;05/03/1968;Quadro;26
376;39;Trionfo della Tradizione;26/03/2024;22/07/1975;Scultura;5
377;26;Glorie di Granito;14/06/2022;20/04/1982;Scultura;9
378;47;Arteplastica Ancestrale;24/03/2024;07/06/1969;Scultura;18
379;11;Sculture del Passato;19/08/2021;01/03/1967;Quadro;26
380;55;Maestri Intagliatori;09/04/2022;01/08/1969;Scultura;8
381;55;Emozioni Scolpite;11/03/2024;01/08/1969;Quadro;19
382;41;Forme di Marmo;09/07/2020;13/06/1974;Scultura;0
383;18;Patrimonio Scolpito;31/10/2023;01/03/1967;Scultura;30
384;15;Eredita' del Tempo;16/02/2023;04/01/1985;Quadro;14
385;24;Simboli Sacri;06/08/2020;07/02/1968;Quadro;29
386;50;Memorie Scolpite;17/01/2023;27/02/1961;Quadro;14
387;43;Enigmi Antichi;05/10/2020;01/03/1967;Quadro;30
388;3;Venerabili Statuette;14/03/2024;10/10/1942;Scultura;29
389;33;Testimonianze Scolpite;20/08/2020;22/04/1971;Quadro;24
390;67;Icone del Passato;21/10/2021;28/07/1998;Scultura;22
391;40;Visioni Scultoree;28/01/2022;05/01/2024;Scultura;29
392;99;Mito e Realismo;26/07/2023;01/03/1967;Quadro;1
393;93;Tracce d'Epoca;13/03/2024;01/03/1967;Quadro;9
394;35;Opere dell'Antichita';08/08/2023;01/03/1967;Quadro;0
395;11;Visioni Mitologiche;18/02/2022;01/03/1967;Scultura;29
396;97;Affreschi della Storia;03/01/2023;23/01/1970;Quadro;30
397;53;Monumenti Antichi;01/02/2021;01/03/1967;Quadro;29
398;43;Arte Incisa;24/02/2022;01/03/1967;Quadro;11
399;10;Reliquie di Pietra;10/01/2023;24/02/1968;Quadro;3
400;10;Echi del Passato;21/09/2022;24/02/1968;Quadro;21
401;83;Figurazioni d'Epoca;27/12/2022;06/07/1969;Scultura;15
402;87;Visioni Immortalate;09/12/2023;29/01/1977;Quadro;16
403;54;Sculture Sacre;26/12/2022;15/07/1970;Quadro;27
404;32;Splendori Lavorati;16/07/2021;01/03/1967;Scultura;25
405;62;Maesta' Antiche;14/11/2020;01/03/1967;Quadro;20
406;77;Trionfi dell'Arte;06/08/2022;29/04/1952;Quadro;26
407;65;Affinita' Scolpite;04/10/2023;26/06/1985;Scultura;8
408;68;Segni dell'Epoca;05/05/2021;01/03/1967;Scultura;18
409;28;Arte Sacra;10/07/2021;31/05/1987;Scultura;10
410;13;Leggende Viventi;14/11/2021;21/07/1979;Quadro;12
411;45;Echi Antichi;20/04/2022;01/03/1967;Quadro;5
412;31;Sculture;12/02/2023;01/03/1967;Quadro;29
413;40;Ritratti del Passato;22/12/2021;24/08/1989;Quadro;8
414;58;Vesti di Pietra;15/02/2024;01/03/1967;Quadro;24
415;75;Opere d'Arte Eterne;20/08/2021;08/10/2010;Scultura;19
416;19;Trionfi dell'Immortalita';06/02/2021;26/08/1957;Quadro;0
417;69;Prodigio dello Scalpellino;18/07/2022;13/09/1998;Quadro;26
418;16;Eredita' Incisa;09/09/2020;01/03/1967;Scultura;11
419;83;Espressioni Scultoree;03/05/2021;06/07/1969;Quadro;21
420;17;Immagini Antiche;27/09/2022;23/02/1985;Quadro;13
421;59;Dettagli del Tempo;12/05/2020;01/03/1967;Quadro;15
423;26;Vestigia del Passato;07/12/2023;12/10/1981;Scultura;29
424;45;Tesori del Tempio;24/06/2023;01/03/1967;Quadro;21
425;73;Rappresentazioni Sacre;01/05/2023;08/03/1980;Scultura;4
426;51;Tesori dell'Arte;20/11/2020;01/03/1967;Scultura;18
427;18;Scolpire il Tempo;29/11/2021;01/03/1967;Quadro;22
428;92;Ritratti Immortali;02/10/2021;21/10/2002;Quadro;10
429;78;Icone Intagliate;17/01/2021;01/03/1967;Scultura;26
430;45;Maestria Antica;25/06/2023;01/03/1967;Scultura;26
431;11;Tesori di Terrecotte;21/12/2023;01/03/1967;Scultura;19
432;73;Epopee Scolpite;14/07/2020;05/12/1994;Scultura;5
433;6;Miracoli del Marmo;01/09/2020;24/12/1985;Quadro;10
434;64;Eredita' del Maestro;14/01/2021;07/01/1929;Scultura;18
435;99;Miti Scolpiti;02/12/2020;01/03/1967;Quadro;25
436;99;Emblemi della Storia;31/03/2021;01/03/1967;Scultura;22
437;66;Visioni dell'Arte;08/11/2023;11/02/1922;Scultura;10
438;43;Affreschi Antichi;10/12/2023;01/03/1967;Scultura;21
439;31;Icone della Cultura;21/04/2022;01/03/1967;Scultura;7
440;76;Memorie di Marmo;12/07/2020;30/07/1944;Quadro;21
441;10;Leggende;04/12/2022;24/02/1968;Scultura;16
442;68;Sculture del Destino;02/05/2021;01/03/1967;Scultura;22
443;85;Reliquie dell'Antichita';06/07/2021;05/02/1907;Quadro;14
444;30;Rappresentazioni d'Epoca;28/06/2022;01/03/1967;Scultura;5
445;86;Icone Scolpite;04/03/2024;01/03/1967;Scultura;8
446;91;Ritratti Eterei;27/02/2021;28/05/1944;Scultura;12
447;13;Lavori d'Epoca;21/10/2020;21/07/1979;Quadro;11
448;13;Vesti;25/10/2023;21/07/1979;Scultura;1
449;7;Rappresentazioni del Sacro;30/08/2020;16/09/2023;Scultura;24
450;4;Maestri;10/06/2020;01/03/1967;Scultura;11
451;63;Miracoli dell'Arte;22/05/2020;29/08/1983;Scultura;18
452;15;Segni del Passato;15/05/2022;11/11/1932;Quadro;6
453;34;Visioni dello Scalpellino;01/10/2022;06/11/1968;Quadro;10
454;75;Ritratti di Eternita';06/05/2021;05/05/1996;Quadro;3
455;76;Infinite Joy;14/05/2021;02/08/1950;Scultura;22
456;99;Hidden Smiles;17/01/2022;01/03/1967;Scultura;0
457;52;Moments of Bliss;09/06/2023;23/01/1951;Quadro;20
458;34;Radiant Serenity;23/08/2021;06/11/1968;Scultura;15
459;98;Embraces of Happiness;04/01/2024;01/03/1967;Scultura;9
460;44;Laughter at Sunset;07/08/2022;01/03/1967;Scultura;3
461;56;Melodies of the Heart;14/07/2020;05/03/1968;Quadro;4
462;94;Dream of Joyfulness;26/04/2022;09/09/1982;Quadro;22
463;6;Blissful Harmony;07/03/2022;24/12/1985;Quadro;15
464;19;Sparkling Delight;02/01/2022;26/08/1957;Quadro;5
465;89;Dance of Euphoria;12/01/2024;15/10/1970;Quadro;12
466;78;Serene Laughter;22/11/2020;01/03/1967;Quadro;24
467;64;Bright Spirits;21/06/2023;07/01/1929;Quadro;13
468;65;Joyful Whispers;06/03/2021;26/06/1985;Quadro;3
469;74;Peaceful Bliss;02/04/2021;01/03/1967;Scultura;15
470;20;Harmony in Happiness;21/07/2021;01/03/1967;Quadro;26
471;99;Sunshine Smiles;30/05/2023;01/03/1967;Scultura;18
472;85;Blissful Wanderlust;04/05/2022;05/02/1907;Scultura;22
473;19;Joyous Echoes;29/05/2022;26/08/1957;Quadro;30
474;100;Radiant Smiles;19/03/2022;06/02/1931;Quadro;0
475;28;Tranquil Happiness;07/04/2022;31/05/1987;Scultura;10
476;16;Blissful Symphony;10/03/2023;01/03/1967;Scultura;13
477;47;Sunlit Happiness;11/07/2020;07/06/1969;Scultura;21
478;57;Joyful Reflections;21/07/2021;14/12/1952;Quadro;7
479;41;Euphoric Dreams;28/06/2023;17/09/1934;Quadro;6
480;77;Blissful Escapade;10/05/2021;07/03/1997;Quadro;1
481;98;Happy Whispers;20/04/2021;01/03/1967;Scultura;14
482;51;Gleaming Joy;26/11/2021;01/03/1967;Quadro;8
483;88;Serenity in Smiles;14/05/2020;11/01/1969;Quadro;17
484;4;Blissful Reverie;06/02/2024;01/03/1967;Quadro;1
485;90;Harmony in Joy;04/09/2020;01/03/1967;Scultura;27
486;59;Radiant Dreams;20/02/2024;01/03/1967;Scultura;3
487;41;Euphoric Harmony;24/08/2023;04/08/2002;Quadro;1
488;49;Sun-Kissed Joy;24/09/2022;21/12/2000;Quadro;0
489;8;Blissful Melodies;15/04/2023;01/03/1967;Quadro;15
490;44;Joyful Serenade;23/12/2021;01/03/1967;Quadro;8
491;70;Laughter in Bloom;20/04/2023;28/04/1980;Quadro;19
492;29;Serene Sunshine;26/09/2023;12/06/1939;Quadro;27
493;73;Dancing with Joy;06/02/2023;25/08/1984;Quadro;29
494;88;Blissful Horizon;05/10/2022;11/01/1969;Quadro;10
495;26;Sussurri d'amore;26/04/2022;12/01/1961;Scultura;2
496;18;Incanto romantico;19/09/2021;01/03/1967;Scultura;24
497;98;Dolce carezza;02/05/2021;01/03/1967;Quadro;16
498;7;Magia dell'amore;14/07/2020;11/04/2016;Scultura;24
499;89;Abbracci infiniti;31/08/2021;15/10/1970;Scultura;8
500;39;Melodia;22/09/2023;22/07/1975;Scultura;7
501;17;Emozioni condivise;04/03/2022;09/05/1954;Scultura;12
502;15;Sogni d'amore;10/01/2023;07/07/1944;Quadro;12
503;69;Gioia condivisa;26/08/2020;18/03/2008;Scultura;11
504;16;Danza dell'amore;23/02/2022;01/03/1967;Quadro;19
505;35;Baci sotto le stelle;13/01/2022;01/03/1967;Scultura;25
506;48;Luce dell'amore;05/02/2023;01/03/1967;Quadro;19
507;61;Armonia degli amanti;30/12/2020;27/09/1979;Quadro;24
508;7;Sentimenti eterni;01/07/2020;12/01/1935;Quadro;8
509;49;Riflessi d'amore;02/01/2023;09/12/1992;Quadro;5
510;50;Profumo di rose;31/08/2023;09/02/1953;Scultura;1
511;43;Dolce serenata;27/08/2021;01/03/1967;Scultura;20
512;53;Teneri abbracci;08/07/2021;01/03/1967;Scultura;19
513;69;Sospiri d'amore;08/01/2022;11/05/1970;Quadro;27
514;4;Risveglio d'amore;15/09/2023;01/03/1967;Quadro;25
515;73;Gioia senza fine;28/12/2022;29/01/1940;Quadro;18
516;30;Incanto amoroso;08/03/2023;01/03/1967;Scultura;21
517;37;Battito del cuore;27/05/2020;01/03/1967;Quadro;14
518;78;Culla d'amore;06/02/2024;01/03/1967;Scultura;10
519;66;Destino;29/04/2021;11/02/1922;Quadro;8
520;80;Magia del tramonto;17/02/2024;01/03/1967;Scultura;14
521;99;Fiori dell'amore;27/08/2023;01/03/1967;Scultura;24
522;88;Dolce promessa;10/02/2021;11/01/1969;Quadro;26
523;14;Sogno d'amore;04/02/2022;13/07/2019;Quadro;19
524;93;Risplendente passione;08/10/2023;01/03/1967;Quadro;1
525;5;Danza;10/10/2023;20/07/1972;Scultura;9
526;9;Carezza;02/06/2022;26/05/1961;Scultura;12
527;17;Voce del cuore;26/02/2023;26/02/2004;Scultura;19
528;26;Dolce armonia;14/02/2021;11/06/1996;Quadro;14
529;85;Gioia dell'incontro;16/11/2023;05/02/1907;Quadro;15
530;59;Notte d'amore;21/10/2022;01/03/1967;Scultura;24
531;51;Sorriso d'amore;11/02/2022;01/03/1967;Quadro;10
532;27;Abbraccio eterno;05/01/2023;01/03/1967;Scultura;28
533;49;Sussurri al chiaro di Luna;27/04/2022;15/04/1999;Scultura;9
534;23;Battito di passione;28/03/2022;15/04/1966;Quadro;12
535;10;Dolci ricordi d'amore;05/05/2020;24/02/1968;Quadro;4
536;67;Incanto degli innamorati;21/06/2021;23/09/1957;Quadro;27
537;52;Fiamma dell'anima;01/02/2022;17/07/2009;Scultura;30
538;47;Gioia dell'amore;21/02/2023;07/06/1969;Scultura;15
539;46;Melodia del cuore;29/07/2021;01/03/1967;Scultura;14
540;10;Baci rubati;12/02/2021;24/02/1968;Quadro;17
541;47;Promesse d'amore;18/03/2024;07/06/1969;Quadro;26
542;98;Risveglio al chiaro di Luna;23/06/2020;01/03/1967;Quadro;5
543;59;Dolce tenerezza;22/10/2023;01/03/1967;Quadro;1
544;57;Danza dei cuori;15/04/2023;14/12/1952;Scultura;15
545;56;Carezze sotto le stelle;12/11/2022;05/03/1968;Quadro;16
546;66;Risveglio dell'anima;06/03/2021;11/02/1922;Quadro;13
547;29;Dolce melodia;30/05/2022;15/01/1943;Quadro;22
548;84;Dolce brezza d'amore;07/11/2020;01/03/1967;Quadro;4
549;87;Sogno d'amore eterno;06/08/2020;29/01/1977;Quadro;25
550;47;Sospiri al tramonto;30/10/2021;07/06/1969;Scultura;25
551;41;Gioia del cuore;05/01/2022;31/05/1976;Scultura;28
552;74;Emozioni profonde;28/05/2022;01/03/1967;Scultura;22
553;42;Luce dell'anima;18/04/2022;26/05/1971;Scultura;26
554;22;Abbraccio del mattino;07/02/2022;17/01/2016;Scultura;24
555;87;Sussurri di passione;20/06/2021;29/01/1977;Quadro;9
556;72;Dolce poesia d'amore;25/07/2023;01/03/1967;Quadro;12
557;66;Risveglio degli innamorati;11/07/2020;11/02/1922;Quadro;3
558;84;Dolce luce dell'alba;10/03/2022;01/03/1967;Scultura;28
559;21;Bacio rubato;13/05/2022;20/07/1958;Quadro;21
560;49;Gioia dei sensi;26/04/2023;13/04/1946;Quadro;2
561;90;Tenero abbraccio;16/09/2020;01/03/1967;Scultura;8
562;27;Dolce sognatore;10/05/2021;01/03/1967;Scultura;28
563;47;Sussurri di amore eterno;19/05/2023;07/06/1969;Scultura;28
564;9;Carezze nell'oscurita';20/04/2021;21/09/1991;Quadro;27
565;5;Dolce visione d'amore;01/12/2023;20/07/1972;Scultura;21
566;47;Promesse sotto le stelle;25/01/2022;07/06/1969;Quadro;15
567;90;Risveglio dell'amore;13/04/2024;01/03/1967;Quadro;3
568;19;Dolci sogni d'amore;22/06/2022;26/08/1957;Quadro;18
569;22;Danza delle emozioni;14/12/2023;29/04/1936;Quadro;20
570;42;Sorrisi rubati;30/07/2022;26/05/1971;Scultura;10
571;65;Gioia dell'alba;07/03/2023;26/06/1985;Scultura;5
572;65;Dolcezza dell'amore;18/11/2020;26/06/1985;Scultura;22
573;88;Melodia degli innamorati;20/12/2023;11/01/1969;Scultura;17
574;31;Dolci ricordi del cuore;23/05/2023;01/03/1967;Scultura;22
575;19;Sogno d'amore infinito;04/03/2023;26/08/1957;Quadro;28
576;71;Baci al chiaro di Luna;07/11/2022;20/10/1978;Scultura;7
577;83;Armonia dei sentimenti;08/03/2024;06/07/1969;Scultura;20
578;81;Dolce risveglio;26/02/2021;16/01/1968;Quadro;28
579;99;Gioia dell'abbraccio;18/09/2022;01/03/1967;Quadro;21
580;96;Dolce carezza del tramonto;13/02/2024;10/03/1932;Quadro;0
581;73;Sussurri;19/10/2021;02/11/2007;Scultura;18
582;89;Risveglio del cuore;21/07/2022;15/10/1970;Scultura;6
583;30;Dolce promessa d'amore;24/06/2021;01/03/1967;Quadro;7
584;74;Magia dell'incontro;27/11/2020;01/03/1967;Quadro;1
585;3;Battito di dolce passione;09/07/2022;23/02/1981;Quadro;16
586;88;Sospiri;07/03/2022;11/01/1969;Scultura;30
587;51;Dolce risveglio d'amore;19/11/2021;01/03/1967;Quadro;1
588;60;Dolce visione dell'anima;14/04/2022;01/03/1967;Scultura;24
589;91;Armonia dell'amore;13/08/2021;05/05/2004;Scultura;25
590;15;L'armonia della natura;25/06/2023;19/11/1994;Quadro;27
591;87;Il regno selvaggio;15/02/2024;29/01/1977;Scultura;15
592;70;Il canto della foresta;03/07/2020;28/04/1980;Scultura;24
593;79;Leggende della savana;21/08/2021;29/08/1956;Quadro;24
594;9;Sentieri nella giungla;20/08/2023;15/03/2001;Scultura;15
595;7;Gli occhi della tigre;07/11/2021;22/11/1962;Scultura;5
596;58;Voli nell'aria;19/06/2021;01/03/1967;Scultura;25
597;93;Il risveglio della natura;23/12/2021;01/03/1967;Quadro;19
598;19;Sinfonia della fauna;25/10/2020;26/08/1957;Quadro;8
599;86;Ritmi della foresta;13/05/2020;01/03/1967;Scultura;20
600;73;Spettacolo marino;22/07/2021;24/09/1942;Scultura;8
601;93;Ali nel vento;27/01/2022;01/03/1967;Quadro;20
602;62;Voci della terra;27/04/2023;01/03/1967;Scultura;10
603;82;L'ultimo branco;23/08/2020;01/03/1967;Scultura;8
604;59;L'equilibrio dell'ecosistema;02/09/2021;01/03/1967;Scultura;17
605;25;Rugido della tigre;16/06/2020;01/03/1967;Quadro;30
606;68;Danze della natura;22/07/2022;01/03/1967;Scultura;17
607;36;Tracce nella sabbia;01/07/2022;01/03/1967;Scultura;13
608;51;Il respiro della natura;10/06/2020;01/03/1967;Quadro;21
609;84;Ombre nella notte;17/05/2021;01/03/1967;Scultura;10
610;27;Paesaggi selvaggi;22/05/2022;01/03/1967;Scultura;5
611;15;Sinfonia della vita;25/10/2021;04/02/1978;Quadro;27
612;13;Tramonto sulla savana;15/07/2022;21/07/1979;Scultura;14
613;29;Segreti dell'oceano;14/07/2021;18/04/1934;Scultura;7
614;43;Orme nella neve;12/11/2023;01/03/1967;Scultura;2
615;19;La magia dell'habitat;14/11/2023;26/08/1957;Quadro;0
617;33;Oceani incontaminati;15/01/2024;22/04/1971;Quadro;7
618;62;Voci della foresta pluviale;20/04/2024;01/03/1967;Scultura;17
619;92;Ali nel crepuscolo;25/07/2023;17/06/1974;Quadro;21
620;33;Sospiri della natura;28/09/2021;22/04/1971;Quadro;13
621;99;Al di la' del confine;16/09/2023;01/03/1967;Scultura;21
622;13;Giochi nel fiume;19/11/2022;21/07/1979;Scultura;6
623;88;Profumo della natura;26/03/2021;11/01/1969;Quadro;15
624;61;L'arte dell'adattamento;16/06/2023;27/09/1979;Scultura;26
625;96;Voli notturni;27/07/2023;17/05/2001;Scultura;18
626;47;Gli abitanti della foresta;24/11/2021;07/06/1969;Scultura;3
627;34;Misteri dell'oceano;11/12/2021;06/11/1968;Quadro;24
628;10;Passi nel deserto;12/07/2021;24/02/1968;Quadro;28
629;26;Sfide della sopravvivenza;06/03/2022;11/05/2003;Quadro;12
630;75;Il richiamo del selvaggio;04/04/2021;06/03/1952;Quadro;12
631;23;Il destino dei predatori;15/04/2023;12/03/1991;Scultura;26
632;19;Habitat in pericolo;15/01/2023;26/08/1957;Scultura;20
633;65;Risveglio dell'istinto;16/04/2023;26/06/1985;Scultura;25
634;68;Sguardi dalla savana;01/07/2023;01/03/1967;Scultura;20
635;33;Vita nel sottobosco;23/06/2022;22/04/1971;Scultura;22
636;8;Danze sotto la luna;18/08/2023;01/03/1967;Quadro;19
637;53;Profondita';11/05/2020;01/03/1967;Scultura;9
638;6;Segreti del regno animale;25/10/2020;24/12/1985;Scultura;12
639;20;Al di la' del giardino;21/10/2021;01/03/1967;Scultura;17
640;36;Riflessi dell'acqua;21/12/2021;01/03/1967;Scultura;16
641;47;Canti degli uccelli;19/06/2022;07/06/1969;Scultura;7
642;33;Ombre nella foresta;15/08/2022;22/04/1971;Scultura;25
643;97;Tramonti sulla tundra;31/10/2020;23/01/1970;Quadro;2
644;20;Navigando gli oceani;22/07/2020;01/03/1967;Scultura;19
645;56;Ali nel chiaro di luna;18/03/2024;05/03/1968;Scultura;7
646;92;Sinfonie della natura;28/10/2021;21/03/1934;Scultura;4
647;26;Presenze nel buio;22/09/2021;27/04/1961;Quadro;9
648;67;Il ciclo della vita;24/02/2022;15/09/1959;Quadro;28
649;23;Suoni dell'habitat;05/05/2023;06/02/1968;Quadro;27
650;62;Segreti del mondo sottomarino;31/01/2024;01/03/1967;Quadro;4
651;61;Nelle trame del bosco;09/02/2022;27/09/1979;Scultura;10
652;53;L'eterna lotta per la sopravvivenza;19/08/2023;01/03/1967;Quadro;13
653;14;Incantesimo marino;03/10/2023;01/11/1977;Quadro;14
654;48;Riflessi del sole;15/01/2024;01/03/1967;Quadro;27
655;94;Canti della notte;25/09/2022;10/03/1982;Scultura;18
656;64;Ombre nella giungla;20/06/2022;07/01/1929;Quadro;14
657;18;Il regno dei predatori;21/03/2021;01/03/1967;Quadro;1
658;31;L'equilibrio fragile;09/10/2020;01/03/1967;Quadro;0
659;92;Oceano;02/09/2022;05/12/1934;Quadro;5
660;57;Sentieri del deserto;27/07/2021;14/12/1952;Quadro;1
661;69;Tesori del mondo naturale;03/09/2022;22/11/1958;Scultura;0
662;27;Ali nella tempesta;02/11/2022;01/03/1967;Scultura;27
663;46;Misteri dell'oscurita';05/08/2023;01/03/1967;Scultura;14
664;65;Nelle trame del mondo naturale;11/04/2022;26/06/1985;Quadro;13
665;90;Suoni del deserto;31/12/2023;01/03/1967;Scultura;6
666;44;Canti delle onde;09/11/2022;01/03/1967;Quadro;14
667;84;La vita nascosta;27/12/2020;01/03/1967;Quadro;27
668;6;Ombre nel crepuscolo;11/03/2024;24/12/1985;Quadro;19
669;53;Segreti della foresta pluviale;27/03/2024;01/03/1967;Quadro;1
670;72;Il richiamo degli animali;18/09/2022;01/03/1967;Scultura;13
671;18;Voci della notte;03/11/2020;01/03/1967;Scultura;28
672;51;Risveglio nella tundra;11/07/2020;01/03/1967;Quadro;5
673;95;Nel cuore del regno animale;16/09/2022;07/03/1955;Quadro;24
674;5;Abbracci della natura;28/06/2020;20/07/1972;Quadro;29
675;49;Sguardi dall'abisso;31/03/2024;31/07/2017;Quadro;2
676;51;Danze nella foresta;19/02/2022;01/03/1967;Quadro;5
677;65;Profumo della libert';21/03/2022;26/06/1985;Quadro;29
679;98;Voci nel vento;14/05/2023;01/03/1967;Quadro;0
680;91;Ombre nella nebbia;05/07/2022;20/03/1947;Quadro;17
681;17;Risveglio tra i ghiacci;05/04/2022;24/10/2002;Scultura;7
682;54;Tra le ali del destino;01/02/2021;15/07/1970;Scultura;4
683;3;Echoes of Tomorrow;31/03/2024;03/03/1974;Scultura;14
684;36;Cybernetic Dreams;07/01/2023;01/03/1967;Scultura;14
685;22;Beyond the Horizon;21/03/2024;05/06/2017;Quadro;9
686;82;Neon Horizons;22/03/2021;01/03/1967;Quadro;28
687;27;Galactic Odyssey;13/05/2020;01/03/1967;Quadro;20
688;44;Digital Realms;20/05/2021;01/03/1967;Scultura;9
689;51;Techno Utopia;08/05/2023;01/03/1967;Scultura;7
690;72;Future Flux;30/04/2023;01/03/1967;Quadro;2
691;6;Quantum Visions;21/03/2024;24/12/1985;Scultura;16
692;98;Cosmic Evolution;22/08/2023;01/03/1967;Quadro;21
693;2;Stellar Symphonies;03/04/2024;04/07/1969;Scultura;9
694;27;Virtual Frontiers;02/07/2020;01/03/1967;Scultura;29
695;32;Astral Nexus;19/05/2021;01/03/1967;Quadro;13
696;26;Machine Minds;19/04/2023;14/10/2014;Quadro;4
697;60;Interstellar Echoes;30/07/2023;01/03/1967;Quadro;1
698;58;Celestial Wanderers;06/12/2022;01/03/1967;Quadro;6
699;41;Binary Dreams;26/10/2021;16/08/1970;Scultura;30
700;22;Robotic Rhapsody;28/12/2021;03/09/2004;Quadro;0
701;32;Synthetic Serenity;31/05/2021;01/03/1967;Quadro;27
702;49;Tomorrow's Legacy;14/02/2023;21/06/1962;Quadro;12
703;64;Cybernetic Harmony;19/07/2023;07/01/1929;Scultura;9
704;26;Beyond Boundaries;04/01/2023;12/10/1991;Scultura;5
705;26;Virtual Realities;04/12/2022;10/08/2006;Scultura;21
706;39;Futuristic Fusion;25/04/2024;22/07/1975;Scultura;6
707;48;Technological Tapestry;27/02/2024;01/03/1967;Scultura;22
708;84;Transcendent Tales;17/04/2023;01/03/1967;Quadro;15
709;9;Artificial Horizons;25/04/2024;07/02/1982;Quadro;10
710;82;Space Age Sonata;07/01/2022;01/03/1967;Quadro;20
711;62;Neon Futurescapes;14/03/2023;01/03/1967;Scultura;6
712;30;Digital Dystopia;18/09/2022;01/03/1967;Quadro;17
713;3;Echoes from the Void;13/04/2023;26/11/1998;Quadro;13
714;54;Galactic Genesis;30/12/2021;15/07/1970;Scultura;7
715;8;Techno Tribes;11/07/2023;01/03/1967;Quadro;6
716;18;Future Chronicles;25/02/2023;01/03/1967;Quadro;11
717;6;Quantum Quest;13/09/2023;24/12/1985;Quadro;1
718;99;Stellar Serenade;14/04/2022;01/03/1967;Quadro;1
719;76;Cybernetic Symphony;24/06/2022;08/04/1949;Scultura;26
720;79;Tomorrow's Odyssey;02/02/2024;05/06/1945;Scultura;12
721;35;Beyond Binary;03/11/2020;01/03/1967;Quadro;17
722;24;Virtual Odyssey;30/05/2023;07/02/1968;Quadro;7
723;46;Futuristic Fables;24/01/2024;01/03/1967;Quadro;21
724;68;Techno Tango;19/04/2021;01/03/1967;Quadro;11
725;96;Astral Ascension;18/06/2020;19/05/1991;Quadro;0
726;10;Machine Melodies;23/11/2023;24/02/1968;Scultura;29
727;35;Interstellar Illusions;02/05/2021;01/03/1967;Scultura;1
728;26;Celestial Chronicles;19/03/2023;13/05/2020;Scultura;18
729;46;Binary Horizons;08/07/2020;01/03/1967;Quadro;13
730;20;Robotic Reverie;04/05/2022;01/03/1967;Scultura;25
731;66;Synthetic Stars;04/08/2022;11/02/1922;Quadro;13
732;85;Tomorrow's Tapestry;25/09/2022;05/02/1907;Scultura;11
733;29;Cybernetic Constellations;28/03/2021;16/11/1957;Quadro;18
734;80;Beyond the Matrix;13/10/2021;01/03/1967;Scultura;26
735;93;Virtual Voyages;03/01/2022;01/03/1967;Quadro;8
736;96;Futuristic Fantasies;28/12/2020;29/11/1986;Scultura;24
737;46;Technological Tempest;22/05/2021;01/03/1967;Quadro;10
738;8;Transcendent Tribes;11/01/2021;01/03/1967;Scultura;21
739;55;Artificial Adventures;12/05/2022;01/08/1969;Quadro;19
740;29;Space;19/11/2020;17/11/1986;Quadro;5
741;77;Neon Noir;03/07/2023;18/06/1993;Scultura;25
742;70;Digital Delirium;14/06/2021;28/04/1980;Scultura;1
743;91;Echo;05/09/2021;04/03/2020;Quadro;21
744;19;Galactic Gambit;05/05/2020;26/08/1957;Quadro;7
745;61;Techno Tales;12/03/2023;27/09/1979;Scultura;7
746;77;Future Frequencies;15/08/2023;10/08/1931;Quadro;19
747;7;Quantum Quasar;31/07/2021;03/12/1994;Scultura;12
748;6;Stellar Symphony;09/04/2024;24/12/1985;Scultura;2
749;31;Cybernetic Canvas;02/06/2023;01/03/1967;Scultura;2
750;12;Tomorrow's Universe;11/02/2022;21/02/1993;Scultura;25
752;17;Virtual Velocity;14/07/2021;07/07/1986;Scultura;17
753;99;Futuristic Flux;30/09/2022;01/03/1967;Scultura;10
754;33;Technological Tango;23/03/2021;22/04/1971;Scultura;24
755;81;Transcendent Travels;12/02/2021;01/01/1947;Scultura;1
756;45;Artificial Auras;02/10/2021;01/03/1967;Quadro;12
757;2;Space Age Symphony;13/02/2021;04/07/1969;Quadro;25
758;7;Neon Nebulae;17/03/2022;19/10/2013;Quadro;30
759;62;Digital Dreamscape;15/06/2021;01/03/1967;Quadro;11
760;70;Echoes of the Cosmos;17/09/2022;28/04/1980;Scultura;22
761;39;Galactic Groove;01/03/2024;22/07/1975;Quadro;19
762;79;Techno Thrive;20/03/2022;20/08/1970;Quadro;6
763;20;Future Fusion;06/12/2020;01/03/1967;Quadro;3
764;24;Quantum;24/12/2023;07/02/1968;Quadro;14
765;26;Stellar Serenity;19/01/2021;22/08/2007;Quadro;15
766;44;Cybernetic Solace;30/12/2021;01/03/1967;Scultura;17
767;73;Tomorrow;28/09/2022;14/06/1971;Quadro;8
768;99;Beyond Tomorrow;28/11/2023;01/03/1967;Scultura;4
769;31;Virtual Vista;12/05/2020;01/03/1967;Quadro;21
770;60;Futuristic Frontiers;14/03/2021;01/03/1967;Quadro;6
771;73;Technological Triumph;21/05/2023;31/07/1955;Quadro;21
772;2;Transcendent Tomorrow;12/01/2022;04/07/1969;Quadro;1
773;42;Artificial Adventure;12/03/2021;26/05/1971;Quadro;18
774;74;Space Age Saga;06/10/2020;01/03/1967;Scultura;17
775;100;Neon Nightfall;14/07/2021;06/02/1931;Scultura;2
776;4;Digital Discovery;14/02/2021;01/03/1967;Quadro;28
777;36;Echoes from the Future;29/09/2022;01/03/1967;Quadro;12
778;27;Galactic Gateway;16/03/2021;01/03/1967;Scultura;2
779;3;Techno Trends;14/05/2021;12/11/2008;Quadro;8
780;12;Future;14/04/2022;13/11/1988;Quadro;16
781;73;Quantum Quandary;04/05/2022;30/03/1936;Scultura;8
782;61;Stellar Stasis;22/08/2023;27/09/1979;Scultura;27
783;94;Cybernetic Sanctuary;10/12/2023;12/06/2002;Scultura;29
784;76;Tomorrow's Triumph;05/06/2022;16/07/1984;Scultura;5
785;57;Sacro Splendore;08/12/2020;14/12/1952;Quadro;30
786;87;Luce Divina;21/01/2023;29/01/1977;Scultura;4
787;50;Trascendenza Celeste;05/07/2020;20/09/1987;Quadro;13
788;51;Pieta' Eterna;20/09/2022;01/03/1967;Quadro;6
789;83;Mistero Sacro;01/08/2021;06/07/1969;Quadro;30
790;73;Preghiera Silente;23/04/2024;27/07/2022;Scultura;26
791;32;Gloria Celeste;29/01/2022;01/03/1967;Quadro;19
792;6;Icona Sacra;12/04/2024;24/12/1985;Scultura;21
793;92;Spirito Celeste;25/11/2023;17/09/1979;Quadro;16
794;7;Paradiso Terreno;08/09/2022;29/07/2000;Quadro;19
795;61;Armonia Divina;22/01/2023;27/09/1979;Quadro;13
796;74;Fede Radiosa;07/02/2024;01/03/1967;Scultura;3
797;84;Soffio Sacro;20/08/2023;01/03/1967;Quadro;21
798;60;Profonda Devozione;08/11/2022;01/03/1967;Scultura;24
799;56;Riflessi Celesti;24/05/2023;05/03/1968;Quadro;2
800;69;Luce;26/07/2020;07/09/2015;Scultura;2
801;56;Benedizione Suprema;28/11/2020;05/03/1968;Scultura;6
802;98;Incanto Sacro;09/07/2022;01/03/1967;Quadro;7
803;34;Sacra Comunione;02/03/2023;06/11/1968;Quadro;4
804;3;Rugiada Spirituale;28/08/2021;08/08/1961;Quadro;18
805;85;Gioia Celestiale;12/03/2021;05/02/1907;Scultura;0
806;89;Canto di Lode;06/07/2023;15/10/1970;Quadro;7
807;51;Splendore Divino;31/01/2024;01/03/1967;Quadro;21
808;52;Rivelazione Celeste;19/10/2022;23/01/1974;Scultura;14
809;13;Sacra Illuminazione;13/02/2023;21/07/1979;Quadro;15
810;21;Anima Pura;23/05/2021;20/07/1958;Quadro;3
811;36;Preghiera Celeste;11/07/2020;01/03/1967;Quadro;12
812;88;Soffio dell'Assoluto;12/12/2021;11/01/1969;Scultura;7
813;32;Armonia dei Cieli;16/01/2023;01/03/1967;Quadro;14
814;49;Spirito Eterno;21/09/2020;07/07/2016;Scultura;1
815;76;Visione Sacra;23/06/2021;06/07/1933;Quadro;9
816;91;Beatitudine Infinita;09/09/2022;03/09/2019;Quadro;3
817;55;Raggi di Luce;14/12/2022;01/08/1969;Scultura;11
818;66;Sacro Fuoco;16/04/2024;11/02/1922;Scultura;8
819;98;Croce Radiosa;18/02/2023;01/03/1967;Scultura;14
820;90;Misticismo Celeste;29/10/2021;01/03/1967;Quadro;22
821;62;Celebrazione Sacra;24/04/2022;01/03/1967;Quadro;16
822;91;Profonda Riflessione;29/03/2022;25/05/2020;Scultura;9
823;24;Paradiso in Terra;09/09/2023;07/02/1968;Quadro;27
824;90;Incanto Celeste;29/03/2022;01/03/1967;Scultura;26
825;48;Cuore Divino;12/05/2023;01/03/1967;Scultura;1
826;37;Sacra Esperienza;23/01/2024;01/03/1967;Quadro;22
827;34;Sacra Gloria;19/09/2022;06/11/1968;Quadro;17
828;12;Lode Eterna;26/12/2022;02/03/1949;Scultura;12
829;97;Rugiada Celeste;07/09/2022;23/01/1970;Quadro;4
830;76;Spirito di Pace;28/10/2022;18/04/1937;Quadro;13
831;11;Visione Divina;21/12/2021;01/03/1967;Quadro;0
832;80;Sacra Essenza;06/08/2020;01/03/1967;Scultura;3
833;94;Illuminazione Interiore;08/03/2024;16/03/1945;Quadro;19
834;22;Splendore Celeste;04/01/2023;16/08/1935;Quadro;28
835;61;Grazia Suprema;21/05/2021;27/09/1979;Quadro;2
836;16;Risveglio Spirituale;09/02/2023;01/03/1967;Quadro;10
837;85;Sacra Bellezza;13/11/2020;05/02/1907;Quadro;20
838;62;Benedizione Celeste;23/12/2023;01/03/1967;Quadro;13
839;93;Cielo;19/11/2022;01/03/1967;Quadro;18
840;77;Profonda Armonia;08/05/2020;07/01/1955;Quadro;9
842;9;Cuore di Luce;12/11/2020;10/02/1993;Quadro;18
843;6;Trascendenza Spirituale;11/11/2021;24/12/1985;Scultura;0
844;4;Gioia dell'Anima;25/05/2022;01/03/1967;Scultura;10
845;79;Soffio di Vita;13/07/2022;16/05/2015;Quadro;13
846;88;Sacra Trascendenza;04/01/2024;11/01/1969;Scultura;22
847;14;Rugiada dell'Anima;27/09/2022;16/08/1950;Scultura;16
848;56;Spirito Celestiale;15/01/2023;05/03/1968;Quadro;25
849;68;Visione Eterna;03/12/2023;01/03/1967;Scultura;7
850;23;Sacra Pace;12/11/2020;17/11/2000;Scultura;22
851;4;Risveglio Divino;19/08/2021;01/03/1967;Scultura;30
852;93;Grazia Celestiale;30/12/2022;01/03/1967;Quadro;3
853;78;Sacra Presenza;25/07/2021;01/03/1967;Quadro;8
854;75;Paradiso Ritrovato;29/03/2024;18/06/1959;Quadro;25
855;67;Cuore Eterno;21/02/2021;22/12/1982;Scultura;29
856;11;Trascendenza dell'Essere;16/01/2023;01/03/1967;Scultura;24
857;61;Gioia Eterna;07/02/2021;27/09/1979;Quadro;15
858;43;Soffio di Eternita';27/10/2021;01/03/1967;Quadro;11
859;82;Sacra Profondita';19/09/2023;01/03/1967;Quadro;11
860;72;Rugiada di Luce;14/06/2021;01/03/1967;Quadro;10
861;70;Spirito del Cielo;25/07/2020;28/04/1980;Quadro;24
862;95;Visione Infinita;24/02/2022;07/03/1955;Scultura;24
863;17;Sacra Serenita';02/11/2021;25/03/2015;Quadro;10
864;75;Risveglio Celeste;27/04/2024;28/01/1995;Scultura;24
865;54;Grazia Divina;12/06/2021;15/07/1970;Quadro;20
866;58;Sacra Semplicita';24/11/2020;01/03/1967;Quadro;1
867;32;Paradiso Interiore;17/06/2021;01/03/1967;Quadro;29
868;44;Cuore Radioso;03/09/2023;01/03/1967;Scultura;27
869;30;Trascendenza Celestiale;01/09/2020;01/03/1967;Quadro;2
870;16;Gioia Interiore;02/09/2023;01/03/1967;Scultura;16
871;68;Soffio di Trascendenza;11/03/2022;01/03/1967;Quadro;30
872;82;Sacra Intensita';07/12/2022;01/03/1967;Quadro;12
873;78;Rugiada Celestiale;05/07/2023;01/03/1967;Scultura;8
874;75;Spirito dell'Assoluto;07/11/2021;22/12/1996;Quadro;25
875;89;Visione Magnifica;19/06/2021;15/10/1970;Scultura;17
876;57;La Bellezza;22/05/2023;14/12/1952;Quadro;22
877;39;Benedizione Celestiale;10/01/2021;22/07/1975;Quadro;16
878;10;Incanto Eterno;28/11/2023;24/02/1968;Quadro;15
879;11;Profonda Fede;25/12/2020;01/03/1967;Scultura;12
880;41;Paradiso Spirituale;21/05/2022;18/08/2001;Quadro;2
881;72;Cuore di Pace;26/02/2022;01/03/1967;Scultura;0
882;75;Trascendenza Infinita;16/03/2024;01/01/1999;Scultura;19
883;82;Gioia del Cielo;23/07/2020;01/03/1967;Quadro;7
884;46;Soffio di Grazia;24/12/2020;01/03/1967;Quadro;8
885;28;Sacra Luminosita';30/11/2022;31/05/1987;Quadro;30
886;65;Rugiada dell'Essenza;25/01/2022;26/06/1985;Scultura;16
887;24;Spirito del Pianeta;02/11/2022;07/02/1968;Scultura;14
888;57;Visione Celestiale;05/05/2021;14/12/1952;Quadro;4
889;60;Serenita' dell'Anima;26/02/2021;01/03/1967;Quadro;21
890;66;Il Divino;09/05/2020;11/02/1922;Scultura;22
891;87;Grazia;10/06/2021;29/01/1977;Scultura;20
892;44;Sacra Pienezza;04/08/2022;01/03/1967;Quadro;5
893;64;Paradiso Radioso;07/06/2021;07/01/1929;Scultura;30
894;36;Cuore;08/06/2020;01/03/1967;Quadro;4
895;63;Trascendenza Interiore;09/02/2023;16/09/1937;Quadro;1
896;15;Gioia Spirituale;26/03/2022;03/08/2008;Quadro;10
897;14;Soffio Celestiale;02/05/2023;25/11/1988;Scultura;2
898;12;Sacra Armonia;17/01/2021;10/02/1989;Quadro;18
899;40;Rugiada di Pace;30/03/2022;03/02/1945;Scultura;8
900;35;Spirito di Lode;31/07/2023;01/03/1967;Scultura;30
901;93;Visione;24/11/2023;01/03/1967;Quadro;5
902;76;La Presenza;10/10/2023;05/03/1945;Scultura;11
903;22;Risveglio;14/11/2023;18/08/1976;Scultura;17
904;47;Grazia dell'Anima;10/06/2022;07/06/1969;Quadro;9
905;22;Roma Aeterna;25/01/2024;08/03/1942;Scultura;4
906;66;Tempus Antiquum;06/03/2024;11/02/1922;Quadro;3
907;13;Vita Romana;06/07/2022;21/07/1979;Scultura;7
908;26;Ars Antiqua;19/10/2022;20/05/1997;Quadro;13
909;9;Imperium Romanum;30/12/2020;21/03/2024;Scultura;25
910;25;Civitas Antiqua;07/08/2020;01/03/1967;Quadro;1
911;60;Antiquitas Graeca;04/05/2023;01/03/1967;Scultura;15
912;16;Gloria Antiqua;28/10/2023;01/03/1967;Quadro;29
913;27;Bellum Civile;10/11/2020;01/03/1967;Scultura;9
914;40;Carthago Delenda Est;17/09/2022;01/08/2001;Quadro;21
915;17;Pax Romana;16/03/2023;09/12/1982;Scultura;2
916;9;Deorum Cultus;12/11/2020;22/01/1959;Scultura;20
917;97;Vita Urbis;23/10/2021;23/01/1970;Scultura;14
918;99;Res Gestae;11/07/2021;01/03/1967;Quadro;19
919;17;Leges Antiquae;31/05/2022;11/05/2005;Scultura;25
920;68;Tempora Antiqua;11/05/2022;01/03/1967;Scultura;28
921;4;Historia Romana;07/10/2023;01/03/1967;Quadro;3
922;90;Reges et Tyranni;27/03/2023;01/03/1967;Quadro;0
923;24;Virtus Romana;11/03/2023;07/02/1968;Scultura;1
924;43;De Re Militari;25/08/2023;01/03/1967;Scultura;29
925;7;Ars Architecturae;05/05/2023;07/02/1932;Quadro;17
926;14;Victoriae Caesaris;22/05/2021;11/01/1988;Quadro;21
927;73;Mores Antiqui;27/02/2021;12/06/1983;Scultura;10
928;27;Imperator Invictus;05/05/2022;01/03/1967;Quadro;16
929;11;Ordo Senatorius;21/12/2021;01/03/1967;Scultura;1
930;69;Laudes Caesaris;16/07/2020;03/04/1981;Quadro;22
931;84;Roma Caput Mundi;04/05/2021;01/03/1967;Scultura;4
932;55;Roma Invicta;31/03/2023;01/08/1969;Quadro;30
933;80;De Arte Poetica;29/07/2021;01/03/1967;Scultura;18
934;11;Vita Rustica;26/12/2020;01/03/1967;Scultura;28
935;29;Roma Triumphans;01/03/2021;30/07/1961;Quadro;9
936;17;Gloria Imperii;23/08/2021;24/11/2007;Scultura;22
937;50;Civitas Magna;29/05/2020;08/04/1948;Scultura;17
938;12;De Civitate Dei;18/07/2022;27/03/1957;Scultura;28
939;95;De Bello Gallico;18/02/2022;07/03/1955;Quadro;7
940;98;Historia Graeca;28/02/2023;01/03/1967;Quadro;5
941;4;Imperium Persarum;03/03/2022;01/03/1967;Quadro;17
942;49;Pax et Concordia;29/10/2020;19/03/1956;Scultura;4
943;11;Bellum Trojanum;08/09/2023;01/03/1967;Quadro;11
944;70;Splendor Antiquitatis;29/03/2024;28/04/1980;Scultura;24
945;2;Roma Sacra;16/07/2021;04/07/1969;Quadro;3
946;23;Bellum Punicum;21/05/2022;11/08/1983;Scultura;13
947;58;De Arte Oratoria;02/11/2020;01/03/1967;Scultura;20
948;98;Fides et Honor;12/05/2020;01/03/1967;Quadro;13
949;57;Legiones Romanae;31/07/2023;14/12/1952;Scultura;5
950;64;Virtutes Imperatorum;08/02/2021;07/01/1929;Scultura;15
951;74;Lux et Veritas;08/08/2021;01/03/1967;Quadro;12
952;17;De Republica Romana;11/12/2023;11/08/1978;Scultura;15
953;65;Gioia della Casa;09/06/2020;26/06/1985;Quadro;25
954;54;Ricordi Familiari;15/03/2022;15/07/1970;Scultura;12
955;71;Innocenza Infanzia;11/09/2021;20/10/1978;Quadro;26
956;32;Amore di Famiglia;24/12/2022;01/03/1967;Scultura;19
957;90;Risate di Bambini;06/07/2020;01/03/1967;Scultura;4
958;8;Casa Serena;10/07/2022;01/03/1967;Quadro;21
959;70;Abbracci Familiari;20/07/2021;28/04/1980;Quadro;5
960;13;Giochi d'Infanzia;03/05/2021;21/07/1979;Scultura;11
961;52;Affetto Familiare;25/07/2023;03/05/1983;Scultura;4
962;99;Sognando Insieme;02/06/2021;01/03/1967;Quadro;14
963;89;Famiglia Unita;29/06/2020;15/10/1970;Scultura;3
964;85;Gioia di Crescere;12/04/2023;05/02/1907;Scultura;13
965;29;Dolci Ricordi;03/07/2022;23/08/1992;Quadro;29
966;49;Casa;28/11/2020;18/11/1974;Quadro;18
967;72;Tempo di Bambini;27/12/2023;01/03/1967;Quadro;22
968;53;Intimita' Familiare;21/04/2024;01/03/1967;Scultura;8
969;58;Felicita' di Casa;11/04/2021;01/03/1967;Quadro;5
970;66;Giochi di Famiglia;14/07/2023;11/02/1922;Scultura;30
971;45;Ricordi da Bambini;24/01/2021;01/03/1967;Scultura;12
972;22;Armonia Familiare;21/10/2020;13/06/1938;Scultura;15
973;17;Gioia di Casa;28/05/2020;01/08/2016;Quadro;1
974;45;Bambini;30/01/2024;01/03/1967;Scultura;24
975;82;Famiglia Felice;19/11/2021;01/03/1967;Quadro;2
976;99;Momenti d'Infanzia;18/02/2023;01/03/1967;Scultura;16
977;28;Casa del Cuore;13/01/2023;31/05/1987;Scultura;17
978;60;Legami Familiari;21/03/2021;01/03/1967;Quadro;6
979;46;Allegria Familiare;17/10/2023;01/03/1967;Scultura;3
980;33;Bambini Felici;06/11/2023;22/04/1971;Quadro;19
981;21;Affetto Infantile;23/07/2020;31/03/2021;Quadro;27
982;26;Casa Amata;04/04/2024;31/03/2006;Scultura;24
983;53;Giochi Familiari;04/06/2020;01/03/1967;Quadro;7
984;16;Bambini Gioiosi;29/12/2021;01/03/1967;Quadro;22
985;40;Famiglia Uniti;09/11/2023;06/07/1948;Quadro;24
987;96;Casa Accogliente;13/07/2023;25/08/2015;Quadro;7
988;15;Infanzia Felice;17/05/2022;14/06/2012;Quadro;12
989;31;Amore;13/07/2021;01/03/1967;Scultura;26
990;41;Ricordi Felici;27/11/2021;27/09/1951;Quadro;28
991;79;Bambini che Ridono;03/06/2020;11/07/2012;Scultura;14
992;56;Famiglia;09/09/2021;05/03/1968;Quadro;20
993;18;Casa del Sorriso;08/05/2022;01/03/1967;Quadro;8
994;34;Momenti di Famiglia;03/03/2023;06/11/1968;Quadro;17
995;68;Giocattoli d'Infanzia;13/01/2021;01/03/1967;Quadro;13
996;95;Famiglia Amorevole;26/09/2023;07/03/1955;Quadro;2
997;46;Giochi di Bambini;08/01/2022;01/03/1967;Scultura;17
998;87;Dolci Abbracci;16/01/2023;29/01/1977;Scultura;6
999;70;Infanzia Trascorsa;06/01/2023;28/04/1980;Quadro;2
1000;53;Amore Familiare;23/11/2022;01/03/1967;Quadro;0
1001;1;Grigio;02/04/2024;30/05/1969;Quadro;4
1002;1;Nero;03/01/2022;01/01/1970;Quadro;6
